complaint,is_positive
good clean hospital great team doctor good ot facility medical facility great good inpatient post operative care doctor nurse housekeeping staff also good respond call room little faster,1
really bad experience discharge need sensitive transparent towards patient hisher family,1
visited take second dose process really smooth hospitality staff really appreciable shanti tooks good care provide detail vaccination thank,1
person slightly clueless offered one package got hospital found better economical one decided go ahead,1
great team doctor good ot facility,0
primary concern arose insistence conducting multiple test appeared unrelated condition initiating treatment,0
good clean hospital medical facility great good inpatient post operative care doctor nurse housekeeping staff also good respond call room little faster,1
recently underwent surgery left shoulder doctor extremely good management need patient oriented money minded,1
experience good starting receptionlab service doctor interactiondoctor consultation nicehe heard patience clarified health condition,1
howeverthe service front office report first need improved service fast,1
wise no complaint fully satisfied,1
thanks emergency doctor abhishek thanks security guard,1
expert doctor give right medicine help patient recover fast,1
really liked service,1
hopeless hospital not know got jci nabh no value patient attendant time,0
receptionist want money not care doctor hr late give money,0
went father tracheostomy issue made wait hour said wait want go,0
called book appointment requested senior doctor seeked year experience not want share transparency not called appolo give detail isexperience feel comfortable choosing doctor fortispls transperency right patient,0
menopause related issue went see gynecologist,1
really liked service,1
thanks emergency doctor abhishek thanks security guard,1
say hello folded handsand take patient sitting wheel chair,1
noticed price bit high treatment good behavior doctor also goodso not think hospital anywhere near hr layout,1
good experience polite staff timely service well organized hygienic,1
nice experience stay treatment fortis hospital felt like staying home drrajkumar deshpande team done surgical spine replacement arm machine successfully doctor supporting staff wonderful service,1
highly experienced doctor analysis interaction treatment excellent,1
room neat clean good house keeping,1
staff nurse earth caring hospitality highly appreciable,1
overall service admission till discharge excellent,1
loved hospitality staff member doctor hardworking put effort ensure good health safety patient dr gayathri excellent doctor also provides guidance emotional support,1
hospital service really good patient taken good care overall right consultation discharge everything seamless hassle free went insurance processing time quick,1
dr sashidhara cardiologist took every effort diagnose problem suggested bypass later surgeon,1
dr murali manohar took care operation great confidence overall good experience throughout,1
everything well organised various room photo blood test xray main doctor consultation etc situated around huge waiting room sequence follow communicated billing counter,1
card payment accepted,1
cost test perhaps tad bit option elbit diagnostics convenience service make,1
prior appointment booking not required advised call coming form country printed brought along others available,1
place get quite crowded wish get done formality within hour better reach billing counter open not forget pick token machine near counter,1
really satisfied service fortis no negative point hospital well maintained systematic best part time not wasted even min thanks doctor worker,1
emergency visit hospital father hospitalised couple day due surgery doctor staff hospital took utmost care best part hospital team follows process protocol well,1
great experience hospital,1
drjawali team impressive not surgery procedure also post operative following patient ensuring feeling absolutely,1
would also thank icu nurse ward nurse different drs involved ensuring father recovered thank much,1
great care taken staff hospital special mention dr vivek padegal dr ashish parekh thanks energetic charming nurse m jacqueline special care taken treatment,1
dr ravindra team excellent,1
treatment given partient impeccable staff much recognized dedication kindness given patient throughout,1
immense gratitude fortis team ensuring wellbeing ensuring comfort fast recovery,1
thank outstanding service commitment towards excellence one role effort much appreciated,1
dr narayan hulse amazing doctor nurse also humble caring,1
midnight also quick active present near patient whenever needed,1
food service also good housekeeper job efficiently hospital clean,1
cosister knee replacement covid post surgery complication pain not subside became totally bedridden,1
met dr narayan hulse fortis opinion gave u assurance operated,1
walk independently course walker ever grateful thanks ton doctor giving another life,1
book appointment capacity wife went checkup fortis friend went hiranandani mumbai started time today friend finished process wife finished pm avoid master health checkup,1
not go buy name hospital,0
worst experience went full body health checkup,0
not go buy name hospital,0
not care thing care money money bank account,0
staff health checkup worst not know manage people give proper guidance,0
say not visible issue finish examination less minute send serve next customer,0
poor service disorganized no value people time overpriced,0
charging bomb patient no system place,0
booking appointment joke never get thing done per appointment time,0
expect people unemployed indefinite leave visiting hospital treatment,0
road outside hospital full garbage dirty pothole hospital administration take responsibility make walkable patient family,0
took comprehensive health check package appointment date time total duration supposed wait around hour,0
would suggest not go name lot local lab provide much better service less fee truly horrible unexpected experience fortis,1
heartfelt plea better patient care harrowing experience fortis hospital,0
please display board entrance hospital also emergency department,1
stating hospital not middle class people,1
nice hospital doctor also good take care patience supereventhing super hospital,1
good hospital careexcellent service happy fortis,1
dr harsha provided amazing treatment night shift nurse helpful overall management good,1
must visit dr suresh babu chemotherapy,1
dr gayathri kamath good doctorvery reliable believe good service fortisshe made pregnancy complication nothing making smooth helped getting recovered much faster,1
drvivek belatur treatment super chemotherapy treatment went well smooth happy fortis service,1
father treated supervision dr adil hasaan dr suresh babu sir,1
service provided good professional friendly staff doctor professional experienced responsible,1
special thanks kavita guidance support provided u far,1
crowdy excessive long queue try avoid happy,1
worst staff hospital,0
charging much small thing important thing unka security staff jo apko hospital staff se jyada enquiry karte hai much rude behaviour like roadside loafer,0
overall dignosis treantment plan post opp recevery management super excellent complete recovery without post opp complication despite complex health condition prior surgery,1
entire doctor team dr gayathri gynaecology dr sharath chandra surgery dr sudha internal medicine dr shwetha gynaecology nursing staff given best treatment excellent psychological support u,1
u every stage planning best treatment also giving confidence mental support felt homely,1
team doctor friendly approachable service oriented selfless service extremely professional big thank bottom heart,1
dr mohan keshavamurthy team doctor nursing staff especially th floor staff jeena davis nursing supervisor thank every one support,1
always good,1
dr manisha rajpal singh treated laparoscopy hysteroscopy dilatation curettage cervical cauterization bilateral ovarian endometrosis excision came bangladesh specifically consult doctor,1
doctor professional caring dr roopa team nursing care superb hygiene support team,1
done immigration health check fortis hospital bannargetta,1
amazing experience helpful staff especially m poornima m manjula an santhosh,1
visited hospital knee replacement mother dr narayan hulse treated well explained minute detail well,1
surgery completed mother recovered well thanks narayan hulse team treated well along physiotherapy nursing house keeping department,1
excellent treatment fortis bannergatta dr anil kumar kustagi treatment made son nursing staff excellent,1
dr mohan keshavamurthy operated kidney stone laser treatment overall treatment service good nursing night staff caring,1
better experience treatment mother fortis hospital dr shashidhara,1
feel bow dr narayan hulse great doctor relaxed heard surgery,1
big thanks dr narayan hulse nursing mahalakshmi shalini nivetha many attended caring physio team excellent work,1
dr mohan keshavamurthy done surgery nurse including josena parimala caring,1
care hospitality offered staff department fortis whole excellent,1
importantly treating doctor mr ravindra b whole gastroenterology department effective diagnosing health issue appropriately,1
treatment given drravindra team brought lot improvement health able cope life healthy confident person thanks everything please keep good work,1
dr shabeer ahmed good doctor explained everything u clearly amazing treatment provided,1
husband well cabg done dr vivek jawali team dr murali manohar dr sudarshan dr nikhil,1
happy good service doctor staff icu staff excellent polina prafulla priya toi excellent big thanks support staff well,1
dr ravindra undoubtedly amazing doctor efficiency treatment helped cure health issue nurse also providing good service,1
review master health checkup,0
poorly managed patient flow,0
book appointment capacity,0
wife went checkup fortis friend went hiranandani mumbai started time today friend finished process wife finished pm avoid master health checkup,0
excellent medical facility service,1
dr ravindra undoubtedly amazing doctor efficiency treatment helped cure health issue nurse also providing good service,1
consulted drsudarshan treated u well happy hospital service,1
dr vivek belathur good oncologist happy treatment kavitha madam helpful kind,1
happy get treated dr vivek belathur best oncologist bangalore care patient wonderful,1
staff afe caring responsiblems kavitha amazing pesrson helpful every step treatmentthanks fortis,1
visiting cancer treatment dr suresh babu coordinating treatment experience doctor hospital good,1
nice response doctor staff tq,1
diagnosis treatment care good,1
hopeless hospital not know got jci nabh no value patient attendant time,0
receptionist want money not care doctor hr late give money,0
went father tracheostomy issue made wait hour said wait want go,0
called book appointment requested senior doctor seeked year experience not want share transparency not called appolo give detail isexperience feel comfortable choosing doctor fortispls transperency right patient,0
menopause related issue went see gynecologist,0
hey kept waiting pm several request let see unfortunate gone check rather rude arrogant gynecologist,0
not give anesthesia directly stabbed right word vagina happened year back,0
incident lost sensibility part could left hospital without seeing hospital not collected fee advance,0
bad practice hospital collect fee advance patient alert selecting doctor,0
not every body like busy year got free time thought sharing experience,1
doctor good,1
really terrible especially one emergency,1
good repo fortis hospital no good good making money employing doctor,0
walking car parking hospital feel like dungeon rattling pipe next pump room not truly scary,0
also minimum car parking charge pure loot would barely left car min still pay,1
administrative service irresponsible orthopaedic department inspite collecting token not billed hr,0
took appointment pm still not got see doctor lady reception rude not care patient suffering due delay billing work slow patient wait long,0
dr rajpal cardiologist department whole fortis hospital app myfortis total scam took appointment fee even appointment cancelled not refunded amount back th july november not got refund,0
mean backdated illiterate not even know account statement pdf physical passbook would show record even trying get app hospital,0
worst hospital simply looting people high charge emergency nurse not able handle billing one person sitting causing inconvenience huge queue go much money,0
highly disappointed security service arrogant speaks security admission counter waste customer support not given solution ward booking billing manager ram careless speaks customer not given proper solution,0
paid almost lack last one year last week disappointed admission counter billing manager security,0
one worst hospital entire india doctor visit inpatient day utter non sense knowledge unprofessional nurse administration treat patient like material expense pathetic take investigation patient,0
last not least dr balaji dr ravindra excellent deserve work better hospital value patient better,1
one worst hospital one worst service,0
dont care patient care money wanted get blood test done tried contacting health check department nobody answered call customer service say call health check department made atleast call went without answer,0
since important test done particular hospital went around km house take appointment also given contact number no one picked,0
one worst hospital mother admitted ejection fraction heart co gave false information saying co report cardiologist doctor venkatesh called u enquired financial information,0
doctor appear care following administrative procedure rather healing pharmacy not efficient not sell medicine according dosage care maximizing profit selling medicine full strip instead much patient need,0
poor service got blood culture done th june till no report got admitted also must say one pathetic hospital doctor dont come nurse reminded give medicine food pathetic stink think twice,0
went equipment service hospital security back gate unprofessional,0
highly disappointed security service arrogant speaks security admission counter waste customer support not given solution ward booking billing manager ram careless speaks customer not given proper solution,0
paid almost lack last one year last week disappointed admission counter billing manager security,0
met dr niti raizada treatment micosis fungoids team attended u well husband secondary infection taken care well nursing service hospitality good,1
service good doctor nurse good dr mohan keshavamurthy amazing doctornurse joseena helped u whenever needed hospital clean well maintained,1
dr rajpal singh dr jyothi best doctor brought faith u approach towards u humane regularly available showing u utmost care pleasant experience everything maintained well grateful nurse helped recover,1
dr prasanth kesari treat patient well operated daughter finger injury well satisfied nurse anju sneha anshu dhaya kind caring,1
dr ajay rao excellent oncologistwe amazed treatment care given mothernursing service wonderful m ankamma m sai rahithya staff supportive mentally especially m kavitha slmshe helped u every step treatmentspecial thanks,1
dr shivananda patil extraordinaryrd floor icu bro manikandan si soumya superb nurse cleaning staff icu th floor good job thank wonderful service thank dr shivanand patil sir,1
dr sheela chakravarthy like mu family doctor always consult regarding issue family gentle kind nursing staff extremely helpful time everything went well thanks doctor team,1
dr naveen really experienced doctor mother knee replacement done done good job satisfied team thank sir team outstanding care support,1
treatment dr suresh babu good come chemotherapy day care treatment service excellent happy staff cooperative kind happy fortis,1
dr manish joshi dr shashikiran treated husband treated provided helpful recover nursing staff also caring,1
father colorectal gallbladder surgery performed dr shabbir ahmad impressed patience attentive nature,1
dr anil kumar anand kustagi provided amazing treatment helped recover soon nurse particularly teena taken care u carefully,1
savios music changed mood made stress less thank music thanks dr nagabhusan sir dr divya madam supporting u,1
impressed dr narayan hulse caring intelligent compassionate towards work given confidence undergo bilateral knee replacement happy decision great personality,1
dr raju counselled treated gallbladder stone excellent doctor humanity nursing staff th floor caring process fast comparative hospital,1
dr manisha rajpal singh smart really appreciate kindness compasionate,1
hold skill necessary suffer endometriosis flexibility adapt treatment give u courage,1
feedback expression gratitude experience may benefit patient family,1
hospital service good extremely well maintained hospital terrific team doctor humane approach towards patient leave no stone unturned patient stand journey recovery,1
overall good experience feel home every staff taken great care grateful staff helped recover treating utmost care,1
fortis much reliable hospital every patient visit hospital treated like family wish team grand success bright future good speed,1
entire pregnancy experience fortis phenomenal prenatal delivery experience first time mother made memorable experience thank gayatri kamath team making happiest day life even better,1
excellent service everything well taken care staff food also good neatly maintained room fully satisfied treatment hospitality hospital thank much fortis team,1
dr sheela professional experienced doctor good facility staff good however insurance clearance may face little issue overall good hospital great facility,1
dr raju sir team good service staff member good facility hospital excellent accurate,1
come ear surgery brother dr athira ramakrishnan given excellent treatment,1
effective communication patient explained everything thoroughly nursing service really good available time around happy service given supporting staff well staff performed duty really well thank,1
recommended doctor hospital cardiac surgery dr vivek jawali dr murali manohar dr nikhil excelkent team doctor suraksha alida aneesha support staff extremely good caring food hygiene timely,1
dr usha well experienced knowledgeable treat patient friend build confidence bond patient make comfortable,1
overall good experience daycare nursing staff caring always available thanks dr usha team,1
dr shabeer ahmed provided prompt treatment helped recover nurse also good helpful humble,1
satisfied dr praharaj nicely surgery super nursing staff morning till night took care efficiently press call bell always come immediately food cleaning team always time overall good service,1
dr usha friendly analysis medical condition efficiently took care well nursing staff cooperative special thanks sister shalini like environment much hoping best result thank,1
treatment good hospital guided u every step doctor including gayathri kamat swetha mam really good caring nice get treatment done fortis,1
dr sudha vinod menon amazing doctor explained everything u properly nurse good caring,1
wife admitted recently emergency expecting extremely satisfied service provided doctor nurse right emergency department till discharge,1
special thanks dr chaitra dr mangala thorough checkup diligent treatment approach visit,1
visited dr usha gynecology department fortis bannerghatta diagnosis apt go though minor surgery later treated well doctor nurse everyone really corporative helpful,1
thankful hospital dr curing father health problem skillful treatment really appreciate doctor team nursing staff commitment excellent service,1
loved hospitality staff member doctor hardworking put effort ensure good health safety patient dr gayathri excellent doctor also provides guidance emotional support,1
really satisfied service fortis no negative point hospital well maintained systematic best part time not wasted even min thanks doctor worker,1
emergency visit hospital father hospitalised couple day due surgery doctor staff hospital took utmost care best part hospital team follows process protocol well,1
good hospitality service,1
great hospital quality standard,1
dr chaya patel good doctor knowing year polite experienced,1
diagnosis treatment care good big organisation large team doctor supporting staff decent job cost bit higher side cot could provided attender general ward discharge process not smooth,1
ward also clean well maintained chosen twin sharing room,1
pulmonologist team thorough diagnosis suggested best course treatment,1
entire pregnancy experience fortis phenomenal prenatal delivery experience first time mother made memorable experience thank gayatri kamath team making happiest day life even better,1
excellent service everything well taken care staff food also good neatly maintained room fully satisfied treatment hospitality hospital thank much fortis team,1
dr sheela professional experienced doctor good facility staff good however insurance clearance may face little issue overall good hospital great facility,1
big organisation large team doctor supporting staff decent job cost bit higher side,1
great support difficult time night staff exceptional always running peopleas aid felt overloaded work,1
great service support staff member awesome people,1
aster hospital latest system technique hospital clean well maintained,1
wholeheartedly recommend anyone need cardiac care combination medical expertise genuine compassion truly remarkable,1
master consultation treatment lab service car special thanks emergency icu insurance security team,1
overall helpful staff good service,1
crowd management improved nursing support staff increased department,1
worst hospital good doctor came except every thing worst,0
aster cmi one best hospital good facility top consultant south india,1
would strongly recommend hospital whoever want top class treatment best administrative service,1
one best hospital good facility taken full body checkup really good staff friendly staff,1
general ward no nurse call option provided,0
admitted dengue treatment doctor brunda madam doctor treated well helped get platlets improvement within short time,1
got positive vibe leaving hospital provided get well soon card excellent service treatment,1
enough money choose hospital no limit looting patient,1
hospitization feedback senior doctor good jr doctor not sharing responding query,1
nurse station support poor follow everything,0
say wait doctor come test start no proper data,0
fantastic treatment doctor nagamalesh sir removed two block successfully made comfortable procedure time awesome support,1
dr somshekar best gave mom second life,1
staff friendly excellent whatever service render,1
extremely expensive hospital not afforded without insurance,1
patient care great first day nursing team fast respond friendly,1
regular visit doctor excellent house keeping,1
food take long time get delivered food expensive side,0
lot improve place make experience great,1
itas month since accident iam back foot thanks aster cmi good healthcare,1
registration experience quick hassle free diagnostic lab good,1
overall good clean hospital make one favorite hospital local international patient,1
doctor best city along great infrastructure make preferred hospital,1
good experience hospital doctor dr brinda dr lokesh surgeon dr santosh nu neuro,1
really happy fully satisfied pre surgery preparation surgery operation post surgery care,1
experience hospital good overall,1
hospital good infrastructure facility,1
come doctor lot well experienced knowledgeable doctor,1
special mention exceptional nursing medical non medical staff caring checking kid every,1
especially mr rajesh took care mother like anything whenever whatever asked helped arranged great job,1
recently positive experience aster cmi hospital,1
glad got kidney transplant done wife aster hospital say best hospital superb service,1
overall hospital following good maintanence cleaning ward ensure hygiene,1
visited medical oncology department consultation process smooth staff polite helpful,1
overall good treatment wise service also really good,1
entire gynac department including fetal medicine opd staff labor ward nurse worked efficiently effectively throughout time,1
wife given complimentary massage post delivery speeded recovery relaxing,1
staff also organised surprise cake cutting u part celebration,1
admission process remarkably smooth reflecting hospital commitment efficiency patient comfort,1
staff mainted high level professionalism compassion making feel wellcaredfor throughout stay,1
good experience dr sanjay bhatt give time patient understand problem provide right medication suggestion,1
good treatment pediatric surgery team,1
aster place medical need one best medical care ever get,1
staff caring one efficient hospital ever visited,1
issue bed assignment probably due patient load hospital,1
nurse excellent job especially manjari payal moushmi always attended smile needed,1
believe hospital expensive compared others,1
cost hospital,1
would not like recommend hospital anyone bill prepare time discharge,0
single private room not cleaned staff rude,0
food not tasty not made well definitely improve,0
wife treatment got great support overall medical team,1
concern admission process canteen need improved,1
came radiology department wifeas mri ct scan done quickly positive way,1
extremely happy way helping weight loss journey,1
requested provide staff general ward,1
nurse staff food service general ward room facility excellent,1
admitted one day medical observation week delivery process smooth,1
producer taken carefully neat smooth,1
shridhara nursing team given immense support happy,1
gynecologist bhavani madam good treating communication treatment good,1
poor not afford hospital opinion medical insurance easy,1
neuro icu nurse th floor nurse shout samima full thank great job,1
everything well coordinated definitely happy patient,1
staff nurse quite arrogant rude not punctual believe serious emergency would still come late,0
amount paying not worth,0
baby got admitted hospital treatment good well security kind polite especially sangeeta shraddha,1
staff nurse service worst beg treat patient inform give tablet patient,0
many doctor support team helped u come situation,1
nurse donat know job shouldnat allowed work near patient,0
hospital clean good doctor mr ravikumar treat baby within day baby felt better became active,1
one best hospital good response dr happy service security nice see communication attendee,1
staff prompt service excellent team special thanks venamma taken good care clean place,1
bad experience,0
people handle insurance careless donat even bother tension emergency patient,0
always give wrong communication really sad part hospital,0
happy treatment provided technology doctor advice concern towards patient aster cmi hospital,1
worst experience aster cmi hospital,0
exceptionally well handling patient soothing word made worried patient comfortable,1
misleading people not informing term condition properly,0
surgery went really well recovery nice,1
worst hospital follow even tried walkin appointment doctor not take walkin people,0
nursing care given nurse shift good,1
support service team also good work overall experience really good thanks entire aster team,1
worst hospital management,0
staff not helpful not give clear instruction,0
also waited one hour confirmed appointment lady reception rude,0
worst experience hospital across india,0
many thanks staff even celebrated daughter birthday senior doctor harish also participated,1
service good rehab horrible please rectify fault,1
horrible food worst food among hospital know bangalore,0
unresponsive housekeeping staff come clean replace sheet patient sleeping,0
exhaust fan bathroom not working safety issue use bathroom another sick patient,0
overall hospital expensive kind service amenity provided,1
could easily say aster cmi best hospital child entire bangalore,1
dr sapna lulla nice everything smooth,1
convenient good parking space fast service reception well educated experienced doctor lab test time,1
took care everything made patient feel absolutely comfortable,1
expect professional attitude staff meet two doctor busy allow less time u,1
really liked overall experience senior doctor really qualified accurate diagnosistreatment,1
taking good care patient food service,1
hospital good quick treatment satisfied facility,1
respect appreciation nurse caring well done aster,1
support service team also done work nicely,1
one best service provided doctor nursing staff specially trivani sister best service,1
much satisfied treatment stay hospital nursing staff,1
staff friendly helpful,1
highly recommend aster hospital great patient care,1
whole neurosurgery team excellent awesome special thanks dr nirmala doctor icu took care,1
nursing staff staff also co operated took good care u,1
staff reception kind responsive guiding properly procedure,1
happy service provided thank,1
manjari canteen gave good service u keep food time,1
good service hospital staff thank much aster cmi hospital staff,1
never seen bad house keeping even multiple request not provide asked,0
scanner bar code pasted everywhere feedback link not work,1
wonderful experience aster cmi hospital medical visit father,1
cooperative helpful treatment great hospital good,1
sister also take good care patient polite attender,1
ccu security mamatha polite speaks multiple language friendly,1
facility good get confidence get treated well go back healthy,1
test expensive without insurance burn hole pocket,1
extremely impressed service offered aster cmi hospital,1
facility modern wellmaintained creating comfortable environment patient,1
immensely grateful positive experience excellent medical care provided aster cmi hospital,1
happy experience grateful forever,1
thanks hospital got good treatment,1
patient get hope complete faith get treated keep good health,1
happy choose hospital thank much everyone good supporting,1
take lot time give report,1
really patient friendly nursing care really excellent,1
aster hospital excellent bangalore good service good helpful,1
nursing staff lazy,0
floor coordinator john helpful security ayang also good,1
worst working professional,0
doctor akshay sir pavan kumar kind good person treat patient nicely,1
dining area not maintained well dining area small,1
much satisfied treatment explained u treatment understood well,1
multiple waiting room cafe hospital clean,1
mamatha polite speaks multiple language friendly overall good service,1
shall refer others totally satisfied care hospitality,1
today discharge happy leave,1
thanks dr umesh team doctor siters staff come operative supportive thankful treatment,1
medication nursing staff good co operative good experience hospital,1
staff rude specially nurse billing staff behave hospital,0
not treat emergency ward patient doesnat get well till become potential patient customer,0
thanks good treatment nursing care good,1
great hospital amazing doctor dr sahana took good care nurse staff attentive,1
delay house keeping staff,0
lakshmi helpfull arranging scan appreciate effort,1
housekeeping didnat respond issue neither cared problem,0
nurse panchali night duty polite friendly make patient feel homely,1
no emergency attender,0
no nurse staff responded well gave first aid,0
sensitive caring experience dad,1
first ever worst experience u hospital,0
dr rajini maam treated u well aster best facility patient,1
surgery really good everything went well good surgery happy,1
hospital infrastructure extremely good,1
food given patient attender bmt average not meet nutritional requirement,1
doctor arrogant almost behaved like hooligan people like not doctor,0
journey hospital went smoothly happy treatment friendly nature staff,1
staff nursing housekeeping really nice professional,1
thank prompt action leading way aunt recovery,1
provide good quality care nurse friendly equipment good,1
doctor staff co operative security jyothi lakshmi done good job,1
good diet gave good diet plan disease,1
good experience aster staff exclent doctor nurse lactation department dietician nursing aid,1
good treatment received thanks sir sri dayanidhi ishika security ayang madam arunachal,1
nursing staff good polite felt comfortable thank much support care,1
overall good treatment excellent doctor nursing staff,1
thanks doctor team treatment wonderful completely satisfied,1
rude doctor rude physiotherapist rude staff inexperienced nurse,0
billing admission department people no heart rude,0
doctor conducted fatheras surgery rude well spoke arrogantly u,0
nursing staff also really care treatment support service team also good,1
dr nishta performed colposcopy biopsy effortlessly made feel comfortable,1
thank exceptional service making acl surgery experience positive one,1
doctor treatment good nurse caring good support service excellent,1
not insurance please not choose hospital,1
good working housekeeping department room restroom cleaning nice especially staff,1
dietician aruna devi explained well much satisfied counseling given diet plan helpfull thank,1
doctor treatmentnurse curing cleaning department excellent especially hk staff,1
nursing service also good thanks thank ortho team,1
confirm appointment nobody responding,0
bad experience overall,0
doctor not time listen issue could explain treatment option,0
complete failure hospital management system foundational patient communication training,0
poor behaviour attitude displayed doctor dr ashwin kr,0
worst hospital two month father admitted thrice yet doctor not find issue,0
discharge procedure slow mainly nurse due lack understanding importance patient,0
also sister leema helpful explaining insurance kind,1
diagnosis treatment care good big organisation cost bit higher side discharge process not smooth,1
ward also clean well maintained,1
mother treated dr vivek padegal team pulmonologist team thorough diagnosis suggested best course treatment,1
diagnosis treatment care good,1
amazing service,1
good,1
big organisation large team doctor supporting staff decent job cost bit higher side,1
happy service,1
food quality hospital need improvement otherwise excellent service doctor hexa buddy,1
nirmala co ordinated son case knowledgeable end end supported strongly recommend hexa health,1
timing admission discharge insurance patient provided clarity,1
good service dilip kumar,1
worst experience,0
reception guy worst make wait like hell,0
met dr sagar pulmonology grateful apt guidance online appointment booking helpful parking challenge though,1
great doctor available genuine sujith m not sujith m not even visit hospital,1
went narayana hospital visit obstetrician dr janani sarvanan literally god totally invisible forever unavailable,0
good service dr jagadish helping u resolving issue dilip kumar co ordinating,1
found excellent service rajeshwari billing mod soojanya would extend thanks wonderful support help,1
good service erasree peacefull hospital patient recover fast,1
good service dilip kumar,1
dr sujith treatment good analyse disease report better cure,1
really liked service thanks emergency doctor abhishek thanks security guard,1
good hospital,1
good service dilip helping u consultation,1
satisfied test time taken approximately would explained detail test conducted not minute completed,1
good service dilip,1
emergency ward department worst worst emergency department seen bangalore,0
overall service response good,1
new excellent experience thanks nh,1
good service dilip kumar helping u finish thing faster opd,1
narayana try educate employee triage protocol service not look like hospital,0
review not specially hospital per say booked inperson appointment month ago understand risk general consultation sexual education contraceptive precaution take,0
first time ever consulted doctor frankly ugly experience doctor day,0
feel compelled share recent experience hospital unfortunately far satisfactory,0
worst hospital ever world please emergency even not emergency situation,0
service ridiculous,1
no response query even mistake keep repeating mistake end patient fault,0
amazing experience team counter co operative helpful requirement hospital thnx,1
dr pratibha dermatology dr good,1
great experience hospital dr amarnath reddy sir genious personality caring doctor,1
worst hospital people inside rude not ready treat patient think visiting hospital,0
went narayan hospital first time father want share experience really liked service thanks emergency doctor abhishek,1
expert doctor give right medicine help patient recover fast medical test getting required medicine pharmacy,1
patient friendly taking good care patient giving first preference much satisfied throughout month journey thanks,1
hi thank rating u star glad know positive experience care take care team narayana health,1
analyse disease report better cure medication always effective good doctor cold asthama fever alergy related throat also support narayani hospital good,1
star dr manjula hm super supportive caring throughout pregnancy ensured normal delivery wonderful professionally well personally compassionate humble attitude cherry top,1
amazing experience dr manjula hm narayana hospital hsr patient helped medical emergency hospital also provided facility support needed,1
clean hospetal dr abhinav sir great nice speak explained everything son health issue clear manner,1
performed endoscopy test found experience managed performed skilled empathetic fixture hospital staff overall comfortable professional experience,1
visited hospital consult dr karthik general medicine good experience hospital also providing good service term assessment appointment treatment consultation,1
outset thank sister shireen opd yesterday helped book appointment dr vijay supersenior citizen ignorant booking appointment online kindly restore old type booking,1
taken personal care treat well advising investigation carried lab usg today utmost care staff sharmila anu gowda help extended,1
visited take second dose process really smooth hospitality staff really appreciable shanti tooks good care provide detail vaccination thank,1
consultation dr saji regarding father hip injury really good experience clear understanding issue appropriate recommendation treatment,1
good hospital nice doctor good treatment worth money charged hygienic good facility,1
impressed doctor staff friendly helpful able get appointment took time answer question felt confident ability help,1
sample collection time prompt punctual attentive courteous nursing well attending care giving minutely attentive doctor detailed well explainingand guiding specialist,1
minutely detailing eliciting patiently hearing patient infirmation clear instruction cost reasonable,1
treatment really awesome fee charging really high normal person not afford please concession middle group people,1
suffering severe throat pain day consulted dr ria ent specialist surprise pain almost gone hr taking med suggested dr ria even suggested fix sleeping problem,1
visited hospital last week imagine hospital everybody helpful especially mr runa da much helpful cooperative never forget help visit,1
amazing experience team counter co operative helpful requirement hospital thnx positive,1
visited naraya hrudayalaya health checkup weekend usually crowded took around hour complete routine checkup staff supportive cleanliness maintained,1
good service dilip kumar helping u finish thing faster opd,1
consulted dr karthik sir would say one best doctor near hsr systematic examination no hurry explains issue calmy not suggest unnecessary test,1
nowadays seen doctor not even touch patient never use sethoscope ask everything patient write tablet karthik sir examination treat patient thanks sir,1
must come cardio issue titan cardio health thank nh team ground handling staff doctor superb assigned job kudos organization,1
hospital not take ride unwanted test,1
doctor physical examination symptom finding experience proceed medication,1
thank doctor nh hospital,1
dr ramesh patil examined carefully satisfied mean expert neurologist impressed deeply cool behaviour,1
good service erasree peacefull hospital patient recover fast,1
doctor staff supportive helpful first visit hsr lay hospital amazed,1
wonderful experience consultation doctor advised well umair assisted lot helpful patient friendly,1
solid money minting business factory half hour dressing job done hour hence bill easily escalated,0
good clean hospital,1
great team doctor good ot facility medical facility great good inpatient post operative care doctor nurse,1
housekeeping staff also good respond call room little faster,1
admin account department unprofessional discharge insurance calim settlement really bad experience discharge need sensitive transparent towards patient family,0
parking limited space car lot bird droppings falling car,1
street next hospital narrow conjusted better avoid street next hospital,1
street next hospital narrow conjusted better avoid street next hospital,1
car parked nearby street hospital parking unavailable,1
staff friendly although walkin appointment not wait long time dr saji favoured doctor humble kind caring,1
worst hospital ever world,0
please emergency even not emergency situation not ever come,0
not know professional treat patient report took hr give,0
request every person not come please save time energy,0
hospital doctor not good,0
giving medicine asking lot testing guessing not experienced asked lot testing not able find getting mild fever evening better check sakara manipal,0
visiting hospital visit risk major test get declaration signed test relieve responsibility life hand incompetent people,0
service ridiculous no response query even mistake keep repeating mistake end patient fault,0
worst experience ever took mys sister black out,0
consultation dr saji regarding father hip injury really good experience clear understanding issue appropriate recommendation treatment,1
overall average service give followup free doctor prescribes health checkup need take another paid booking show report doctor admin billing counter staff rude unprofessional,1
good service,1
hospital doctor not good,0
visited narayana multispciality hospital hsr layout surprisingly pleasant experience,1
staff helpful enough guide throughout time spent hospital waiting time checkup not long doctor good took time patience explain everything problem,1
given proper diagnosis symptom taken consideration cafeteria good ground floor cafe coffeday,1
entire hospital clean well maintained staff help doubt might definitely recommended someone looking proper care,1
olny issue long queue reception early morning,1
impressed doctor staff friendly helpful able get appointment quickly,1
would highly recommend narayana hospital,1
worst emergency service ever seen,0
never seen hospital outright deny patient support understaffed emergency unit donat know anyway go another hospital nearby immediately took room dress injury,0
opd section staff prioritise people doctor visit inspite taking appointment made wait hr staff prioritising medical rep agent,0
worst emergency service ever seen kept waiting hr get iv injection hospital not separate facility provide iv injection similar kind operation,0
not recommend hospital please think twice going narayana hospital hsr layout,0
prompt punctual attentive courteous well attending care giving minutely attentive cost reasonable,1
no support patient consultation hour talk doctor book appointment regular visitor also not helpful doctor good naryana healthcare hospital bad,0
pathetic clinic would say xray unnecessary importantly told infection lung checked doctor good not recommended,0
emergency case would least expect one person sent inside patient emergency situation wonat star hospitality,0
treatment really awesome,1
asked come day show orthopedician came treating new patient asking book appointment orthopedician wait slot,0
matter not specifically money attitude gesture hurt tensed patient,0
booked eye consultation dr vinay patil dr checked u name not give eye no also redirected u sankalp nethralaya hospitaloverall eye checkup experience bad,0
one good thing hospital comparison one responsiveness staff though delay,1
one worst experience today,0
suffering severe throat pain day consulted dr ria ent specialist surprise pain almost gone hr taking med suggested dr ria even suggested fix sleeping problem,1
overall good experience doctor management nh supportive bajaj finserv came saviour claim insurer got rejected get process done no glitch,1
good service dr jagadish helping u resolving issue dilip kumar co ordinating,1
another worst experience simply people many thing not available not know pharmacy manager not job properly experience many time,1
treatment service good charge emergency service night house canteen food service patient admitted not good iam disappointed timely service,1
poor bad worst experience hairline fracture per doctor due unwanted plaster cast month made leg underperformer else fit running asked doctor show crack ct report refused,0
choosing hospital treatment surgery please risk really good unless admit get treatment started,0
worst emergency service ever seen,0
visited hospital last week imagine hospital everybody helpful especially mr runa da much helpful cooperative never forget help visit,1
recently visited hospital doctor extremely good management service provided staff worst vitals checking person careless,0
visited naraya hrudayalaya health checkup weekend usually crowded took around hour complete routine checkup staff supportive cleanliness maintained,1
would given option took father emergency ward waited hour no body attended purpose emergency dont anyone treat patient,1
worst hospital bangalore money making market soon go emergency ward end going icu hospital diagnostics used make moneyr,0
good service dilip kumar helping u finish thing faster opd,1
consulted dr karthik sir no hurry explains issue calmy not suggest unnecessary test,1
must come cardio issue titan cardio health thank nh team ground handling staff doctor superb assigned job kudos organization,1
hospital not take ride unwanted test doctor physical examination symptom finding experience proceed medication,1
hospital staff irresponsible behaviour not good taking much time small treatment hospital not good major injury emergency,0
one rare hospital brand bangalore still keep dignity profession hospital management system efficient staff helpful doctor competent,1
dr sujith m helpful every visit nh hospital thank doctor nh hospital,1
dr ramesh patil examined carefully satisfied mean expert neurologist impressed deeply cool behaviour,1
worst hospital not go never recommending hospital anyone instead go apollo hospital sense not keep patient waitingnegative service excellent charge extremely high compared apollo lab reportspositive place open minting money obvious behaviour manipulate test result favour get admitted no admission required happened uncle neighbor negative doctor staff supportive helpful first visit hsr lay hospital amazednegative first not admit loved one chutiya hospital not diagnose find anything even day icu admission lot repetitive test not cure even dengue despite admitted first day fever,0
wonderful experience consultation doctor advised well umair assisted lot helpful patient friendly,1
found excellent service rajeshwari billing mod soojanya would extend thanks wonderful support help,1
excellent support guidance supervision dr manjula gynaecologist narayana multispeciality hospital hsr layout surgery wife went well smooth,1
worst hospital please never go hospital emergency ward money looter want patient go icu,0
good service good doctor challenge parking patient alone big challenge also location hardly get proper parking,1
good service erasree peacefull hospital patient recover fast,1
examined carefully satisfied mean expert neurologist impressed deeply cool behaviour,0
hospital offer great patient care road narrow highly impossible get parking available vicinity,1
good experience doctor addressed health issue patiently quick recovery,1
second time visited time done surgery doctor nurse professional helpfulhospital promise clean service good hope good future ahead thank,1
emergency joke asking u wait wait concerned patient high fever dengue multiple payment,0
really wish hope someone upper management read guy everything available yet hospital never achieve greatness,1
prompt service good housekeeping disciplined nursing expert doctor well managed ot facility,1
fantastic medical care highest degree professionalism awesome peace mind patient family keep good work,1
well managed medical superspeciality hassle free assistance patient family must recommended citizen,1
recently fracture right hand went narayana hospital hsr get diagnosed one best doctor,1
worst worst give good suggestion staff good patient eerashi arun sister helpful patient forced post good opinion worst,1
hears issue address staff absolutely dear softspoken helpful billing need improvement,1
last visiting hospital experienced doctor specially drguddu miss anu thanks,1
one best hospital bangalore doctor staff polite patient understanding problem giving best treatment also maintenance hospital clean neat tidy,1
excellent experience service provided also dr sujit good doctor,1
let emmergency patient die took yr mom keep complaining chest pain told emmergency showing mom feeling breathless,0
great experience hospital dr amarnath reddy sir genious personality caring doctor,1
prompt service good housekeeping disciplined nursing expert doctor well managed ot facility,1
dr saji consulting past year one finest doctor known also good human,1
session dr jagadeesh insightful patiently answered query made understand intricacy involved kidney issue strongly recommend urology related issue,1
manjunath kp said come pm september still not kid fever many patient waiting pm already pm,0
courteous treatment attending support staff dr sarat damodar excellent helpful making understand issue involved put satisfactory regimen thanks everyone nmh,1
money loot hospital emergency ward not actually fun ward patient not able identify root cause problem,0
charged u lakh r hr hospitalization arguing checking bill almost paid money,0
good consultation dr karthik sir general medicine really happy coordinatior revathi also helped lot really tank dr karthik revathi really recommend dr hospital,1
everyone staff well doctor helpful good behaviour smooth experience consultation diagnosis week,1
excellent treatment best doctor nurse kid got well day,1
completely unhelpful exploitative staff none narayana brand principle followed exploit money uneccessary test procedure got refused twice er well family member emergency,0
well organised helpful supporting staff professional experienced doctor listens understand patient,1
dr saji orthopedic asset hospital way treatingpatients excellent happy,1
best management best doctor best service going narayana hrudayalaya since year always satisfied consultation doctor,1
excellent prompt hospitality service stay week doctor paid continuous visit responded needed promptly one point vigilant whole night saved patient,1
extremely knowledgeable good doctor admitted infection lung issue courteous professional supporting staff,1
wait hour despite appointment isnat first time happened no understanding manage appointment queue itas random unorganised lot scope improve,1
nh one best hospital hsr went first mr dileep kumar coordinated visit doctor visit also comfortable quick,1
consulting uther dr babu reddy sir past yars cardiologist strong good treating well explaining thing take caring much patient recommend dr babu reddy sir hospital,1
drs listen issue patient carefully,1
best doctor available narayana also hospitality nice provide good hyganic diet patient daily take feedback related service,1
good service hospital staff nursing doctor happy narayana hospital hsr,1
excellent service staff polite dr saji amazing would definitely recommend,1
worst behaviour ultrasound consultant not even speak properly disconnect call better avoid decided outside move away narayana,0
look like hospital doctor well trained ask patient unnecessary test generate revenue hospital also doctor get percentage lab test,0
came ultra sound wife hospital staff helpful friendly lady named sandhya assisting near ultrasound guided water walk around managing quote well patient,1
pathetic experience not recommend hospital anyone,0
blood test guy also good service ultrasound testing service poor not suggest hospital,1
got good experience surgery knee replacement mother,1
quality ho tumbled drastically nursing station not honour appointment time clueless send patient back doctor,0
everything perfectly organised,1
staff highly attentive professional ensuring comfort throughout visit facility cleanliness organization also impressive,1
many complication identified early stage continuously monitored ensure safe delivery delivery smooth normal delivery,1
poor experience service staff food charge bomb utter nonsense happened got admitted knee surgery,0
one many prominent hospital found bangalore found good service visited last time emergency visit necessary test done quick time,1
spent good hr hospital test consultation doctor good helping staff no clue especially utility staff,1
poor experience billing poor experience billing,1
went hospital minor symptom like cold no problem went hospital emergency seemed lot problem,0
grateful exceptional care expertise manipal hebbal dr shafalika staff made visit stress immense appreciation heartfelt thanks,1
efficient compassionate emergency care though opted surgery elsewhere due cost grateful supportive billing team prompt refund assistance,1
thoroughly impressed level care professionalism doctor nurse knowledgeable took time explain treatment plan way could understand,1
service upto international standard one thing annoys charge parking fee even spending thousand money treatment,1
management reception not active booked appointment iho cunsultation struglled much appointment overall behavior staff menbers polite,1
horrible condition everything blocked toilet blocked sink unclean floor patient bed also shaking making noise hospital making lot money still not using renovation pathetic,0
comprehensive care provided manipal hospital ccu icu unit nursing station outstanding,1
high cost paid parking even admittance management high number inpatient capacity theyare extremely busy nursing multiple patient miss,1
recently visited hospitality bangalore great experience star friendly attentive hospital clean well maintained,1
horrible experience colonoscopy staff talking rudely told pain told not make noise,0
came annual health checkup faced lot issue start process even booked day no staff poor management health checkup hour,0
couldnat get appointment dr abhijit needed see urgently mother kind proactive spoke doctor immediately kindly agreed see,1
helped booking appointment lab test well helping consulting doctor made sure go smooth process low ho service good well,1
worst experience ever hospital took son emergency ward recently no bed emergency room son,0
worst facility no proper treatment provided patient estimated bill limited extend post itas gon na double triple unwanted test performed,0
no response management properly everything delay thing never go smooth need wait hour hour even patient emergency never take incharge belonging,0
dear team hospital service responsibility staff really good pleasing saved energy time well thanks,1
simply four wall marble floor people roaming around green blue scrub room claim seating doctor definitely not hospital,0
adiology department clean give good service happy,1
not enough word express gratitude towards dr vijaya attention expertise behaviour understanding towards patient,1
big issue billing charged twice room charge insurance company also gave approval without check thier part payment,0
overall billing experiance made impression management keen making money even unethical,1
hospital staff provided estimation post discharge estimation changed taken extra,0
take manipal management not bothering patient need money,0
wall seen better day establishment looking like losing zeal loved admired,1
staff seem become less responsive lax covid probably new management,0
good experience hospital doctor helpful experienced,1
not impressed checkup somehow accepted overall feel not worthy,1
experience really good supportive staff nurse thank manipal team,1
worst experience nurse station no clue doctor gon na see patient never find doctor allotted room,0
reception eager get review even service delivered got appointment changed not communicated,0
may treatment good depends doctor worst nursing experience management average cost treatment especially abruptly absurdly high,1
cafeteria absolute mess staff clueless apparently health check package menu separate,0
convinced henceforth continue treatment keep good work manipal hebbal,1
unexpected waste time please go near hospital government hospital better bloody hospital,0
manipal get father treated cbag wonderful experience,1
amazing consultation friendly u starting reception miss sowmya friendly kind u warm greeting u,1
sister got admitted delivery treatment given well also care well staff,1
hey get patient admitted icu silly reason charge per day also not diagnose patient properly not care patient,0
parking charge wheeler no point booking appointment not stick timing op managing need streamlined,0
waiting hr no doctor least no response management doctor late,0
add charge medicine not even prescribed,0
worst experience price high service bad reception staff make wait hour,0
best treatment stay hospital back normal work,1
grateful medical support hospitality provided highly recommend hospital highly professional medical service,1
helped everything made job easy overall great experience manipal hospital hebbal,1
great experience selected manipal hospital hebbal competitor around,1
treatment received excellent multiple injury help doctor staff completely overed,1
worst experience hospital simply charging finally patient wil not get solution,0
took u smooth process mom surgery everything went well god grace,1
excellent health care hospital intelligent humble doctor fee structure,1
friendly staff made health package procedure smooth hastle free,1
didnt hard copy report helpful tat immediately gave hardcopy report,1
struggling find vaccine needed foreign college admission entire staff helpful,1
overall got good treatment hospital faculty doctor,1
dr shridhar singhortho scammer remaining staff good must say removed hospital,1
radiology department good radiology staff helpfull specilly radiology nurse swapna,1
manipal whole good branch literally useless no doctor,1
great experience mr vishaal international department helpful dr appointment test hassle free experience,1
professional friendly towards patient staff also kind cooperative,1
staff polite friendly doctor kind diagnosed throughly great experience,1
spends quality time explains kidney issue lay plan handle issue happy hosp,1
overall received good service manipal hospital hebbal team,1
one worst hospital money making,0
manipal taking columbia asia made everything nonsense take appointment call time,0
worst experience today doctor suggested sdp process transfer platlets blood not available lab manipal hospital,0
excellent health care hospital intelligent humble doctor,1
playing patient earn money donat give medicine prescribed doctor give local medicine,0
one worst hospital no maintenance no communication no humanity dr sunil cardio worst doc possible,0
anyone critical emergency go hospital not govt hospital far better patient atm card not patient request,0
expertise explanation exceptional care made topnotch experience highly recommend anyone seeking excellent dental care,1
admitted manipal hospital surgery nurse doctor job really well food awesome tasty,1
expensive since insurance manageable charge parking,1
not go opd try admit emergency make wait like hell,1
excellent hospitality everyone made u feel comfortable guided thru eco ecg test,1
hospital nice section well organised staff also polite really like ambience facility,1
may go without second thought,1
hectic dealing people manipal hebbal doctor amazing undoubtedly,1
hectic dealing people manipal hebbal doctor amazing undoubtedly reach doctor deal buffoon troublesome,1
service upto international standard something hamper brand value manipal everything seems valuable,1
ask register first paying tell donat medicine please try hospital,0
helped u detect important issue via blood test performed stay emergency initially thought blood test expensive,1
not thank enough special excellent care provided unique gift patient,1
thank much great care surgery performed,1
extremely happy treatment admission discharge everything went smoothly,1
good fast service,1
hospital nice section well organised staff also polite,1
doctor good mangement service provided atmost negligent pathetic,1
treatment good bit costly,1
doctor professional good good service staff,1
icu clean spacious silent several patient one visitor allowed time,1
father underwent hip replacement surgery dr navinchand really happy surgery father recovering quickly,1
exceptional experience manipal hospital found good service visited last time emergency visit,1
except doctor everything mess,0
poor experience billing poor experience billing,0
facility staff cleanliness missing,0
spl mention nursing staff patient provided great support,1
hygiene condition poor saw rat running around emergency room,0
hygiene condition poor saw rat running around emergency room,1
care emergency team prompt quick cost surgery expensive,1
thoroughly impressed level care professionalism encountered,1
good hospital hebbal bengaluru area,1
anzio happened day hospitalization rise voice,0
patient care staff excellent dedicated excellent service doctor excellent way thanks everything good,1
first time got admitted horrible condition everything blocked toilet blocked sink unclean floor patient bed also shaking making noise,0
recently visited hospitality bangalore great experience star friendly attentive hospital clean well maintained,1
dr chandan dr rehan syed manipal hospital deserve accolade exceptional expertise angiogram angioplasty heart surgery,1
hospital staff pretty welcoming service upto international standard one thing annoys charge parking fee,1
aisha customer case supervisor fantastic,1
worst experience ever hospital took son emergency ward recently,0
worst facility no proper treatment provided patient estimated bill limited extend post itas gon na double triple unwanted test performed,0
dear team hospital service responsibility staff really good pleasing,1
simply four wall marble floor people roaming around green blue scrub room claim seating doctor,1
radiology department clean give good service,1
facility hospital really good working staff nurse job properly,1
staff seem become less responsive lax covid probably new management,1
good experience hospital doctor helpful experienced,1
st star well maintained hospital nd star finally got treatment,1
dr suma mam treat friendly explain detailed taken care like family member,1
admitted grandmother manipal hospital experience really good,1
worst experience nurse station no clue doctor gon na see patient never find doctor allotted room,1
reception eager get review even service delivered,0
doctor staff professional front desk way welcome u folded hand namaste smile amazing,1
may treatment good depends doctor worst nursing experience management average cost treatment especially abruptly absurdly high,1
manipal get father treated cbag wonderful experience doctor first consulted,1
amazing consultation friendly u starting reception miss sowmya friendly kind u warm greeting u,1
worst experience hospital not deserve even one star expensive no proper treatment,0
parking charge wheeler no point booking appointment not stick timing op managing need streamlined,1
went get checkup wasnat familiar hospital first visit staff friendly helpful,1
management worst,1
really bad experience truly baffled star review page wonder doctor paid service really overpriced,0
underwent bypass heart surgery micabg manipal hospital hebbal bangalore best treatment stay hospital,0
mr vishal dr aradhana sood welcoming always ready assist,1
meet dr aradhana sood dr highly qualified expert extremely happy consultation staff,1
worst experience price high service bad reception staff make wait hour nurse also not know doctor come not list patient,0
great experience selected manipal hospital hebbal competitor around,1
daughter admitted met accident treatment received excellent,1
horrible experience colonoscopy sent parent live alone bangalore coloniscopy,0
manipal best hospital bangalore,1
uncle operated knee replacement surgery manipal hospital hebbal excellent health care hospital intelligent humble doctor like dr kiran chouka,1
friendly staff made health package procedure smooth hastle free,1
hospital nice section well organised staff also polite really like ambience facility,1
wonderful experience hospital struggling find vaccine needed foreign college admission,1
dad got treatment bacterial meningitis manipal hebbala doctor mr anil mr srinivasa raju took care,1
wish would option give star dr shridhar singhortho scammer must say removed hospital,0
not mean not get ur test done got mri report day wife ct scan blood report also messed,0
first visit hospital great experience mr vishaal international department helpful dr appointment test hassle free experience,1
update th oct m sharmila mh dropped note detail responded artefact hope get justice,0
manipal taking columbia asia made everything nonsense take appointment call time,0
not recommend hospital anyone worst experience today admitted wife hebbal manipal doctor suggested sdp process transfer platlets,0
severe abdominal pain customer care said arrange video call doctor understand suggest medication no body turned,0
one worst hospital no maintenance no communication no humanity dr sunil cardio worst doc possible,0
amazing dental procedure experience dr sindhu dr bhargav wife manisha start finish professional caring made feel ease,1
consulting dr sunil kumar cardiology dr girish nephrology dr udnur pulmonology dr abhijit bhograj diabetology since must say great team doctor,1
admitted manipal hospital surgery nurse doctor job really well,1
staff incompetent dealing tedious,0
not go opd try admit emergency make wait like hell went morning mild fever,0
consulted cardiologist dr chandan excellent hospitality dr chandan front desk everyone made u feel comfortable guided thru eco ecg test,1
hospital staff pretty welcoming,1
admitted labour ward delivery treatment good bit costly,1
place nightmare ask register first paying tell donat medicine please try hospital,0
helped u detect important issue via blood test performed stay emergency,1
not thank enough special excellent care provided unique gift patient,1
aunt tkr surgery done dr ravichandra kelkar extremely happy treatment,1
good fast service mr vishal helped lot thanks able receive service care within minute,1
hospital nice section well organised staff also polite,1
doctor good mangement service provided atmost negligent pathetic,1
dr bhargav dr sindhu dental super star last saturday today daughter check consultation patiently checked provided expert advice,1
went manipal hebbal check front desk person somya really courteous helped get paid additional information,1
grandmother admitted cardiology department excellent doctor explain condition prognosis treatment plan simple manner,1
good experience doctor nice treat patient nice staff good,1
sunday staff minimal non staff help cost patient die even though not care single report need day time,0
doctor knowledgeable hospital please beware mr chinna kesava head billing payment department charge thing not prescription,0
doctor good mismanaged hospital,1
supervisor vivek not working place not supervising anything really management look,0
coming manipal parent last year getting cordial support staff team,1
amazing consultation manipal hospital kind friendly heartfully prefer everyone must visit manipal hospital thanks dr indranil,1
good helpful staff doctor described issue clearly instead giving medicine directly,1
good hospital area management little messy time not always,1
not go health checkup package bad management no one assist,0
wish give rating shut hospital cancel license orthopedic surgeon dr navinchand dambekodi ended killing dad,0
worried humanity hospital treat emergency case,0
loved service staff staff member helpfuldr santosh professional much satisfied overall experience,1
good experience overall right appointment booking rescheduling promptness staff,1
place unreasonablly expensive,0
comprehensive health check impressed find streamlined approach,1
attention patient bit lagging zero guidance connectivity department single patient,0
coming past year doctor really good overall service superb,1
nu hospital provide excellent service patient follow everyday time patient,1
like hospital affordable plan easy operate saving money cash back discount,1
canteen provided excellent food service,1
charge u park vehicle hospital make u wait hour,0
coming quite long time staff friendly helpful,1
room attendant kind always make sure room cleaned always replenish amenity,1
doctor kind always give update regarding patient fee structure,1
transplant done successfully hospital giving second life,1
good service front office staff treated good doctor also refer family hospital,1
earn money copy paste report patient ask explanation not even one doctor available,0
exlent service food tast good staff not nice,1
insurance department helping process overall experience really good,1
patient expressed dissatisfaction waiting time appointment,0
review mentioned issue administrative process,0
specialized care expertise nephrology urology,1
professional knowledgeable medical staff nurse not knowledgeable,1
clean well maintained facility doctor late,1
good experience time spend hospital,1
service good nurse front office staff taking personal care plz visite,1
awesome hospital management good staff good disciplined work,1
provide help guidance every step way get best care possible,1
staff doctor not good poor professional,0
good hospital help u well parking system fee structure,1
staff hospital realy helpful hospitality excelent,1
good service staff well maintained,1
received excellent service hospital,1
no proper management nothing organised wait hour no proper response staff put patience test,0
delay anything happy get medication hospital,0
every single person met hospital kind caring friendly tremendous support recieved hospital first day,1
good hearted person well qualified doctor good sense humour best hospital,1
good experience overall doctor well experienced nephro urology hospital staff helpful cooperative,1
arrived hospital always guide u procedure even direction,1
no proper management put patience test,0
not explain complication procedure procedure done consent form written explained,1
one complaint regarding consent taking procedure not explain complication,0
no helping nature no support lab staff worst no use working lab technician lab no support,0
place well maintained cleaning happening throughout day,1
international travel full insurance coverage hospital best treatment far,1
contacted beginning got approved government asked travelling time also needed help airport hotel,1
strongly recommend not go hospital worst hospitality,0
bad experience first went kidney stone remove consultation doctor not give proper answer issue money eating hospital,1
worst staff please not go lab personal advice lab technician,0
best treatment uro nephro issue experience pretty good admitted kidney stone problem nursing doctor well experienced,1
doctor good patience explain well cost,1
doctor see check waiting number increasing,1
patient ready report patient coming getting consultation old patient wait,0
came bad kidney pain got help immediately brief stay er quite good,0
excellent treatment hospital accommodation food good,1
teartment wise really happy specially dialysis department team work good suggest know friend family member choose nu hospital,1
rudemechanical towards patient pls train doctor empathetic towards patient first,0
everybody well trained loving right cleaner helper would highly recommend hospital,1
confer table bit costly best treatment kidny,1
much helpful friendly patient suggest dialysis patient reach nu hospital,1
took care end end process burden patient attendee,1
good service treatment feel refer patient needed urology nephrology treatment nu hospital,1
providing good health service giving well guidline regarding health care,1
doctor consultation excellent service staff not satisfied,1
removed old report file shuffled report uploading report given old report teared manner worst thing,0
one best hospital get treatment hospital staff doctor friendly kind hospital clean tidy,1
hospital everyone good helpful also,1
ensured smooth prep surgery followup glad chose nu hospital,1
waiting long time even consultation consultation,0
not no inpatient service excellent service outpatient department thankyou,1
pleasure inform great hospital staff customer care professional giving nice hospitality,1
doctor co ordinators good supportive people excellent service staff,1
excellent service good doctor special thanks dr aashish ranjitha madam guided u excellent,1
doctor good toilet stinky smell everywhere reception also canat sit neatness maintain near restroom,1
good hospital staff nice good service suggest cleanness,1
explained diagnosis detail treatment procedure clearly pharmacy staff also kind fast providing service,1
one best hospital visited india friendly welcoming care nurse insurance staff,1
toilet stinky smell everywhere reception also canat sit neatness maintain near restroom,0
pharmacy staff need professional checking doctoras prescription writing dose medicine,1
cost parking system worst experience good service staff team doctor,0
good hospital come walk see urologist guide well nice atmospher supportive staff,1
hospital hygienic overall experience hassle free everything well managed organized,1
enjoyed local food served hospital cafeteria management ensured comfortable,1
satisfied service seam bit costly compared othere hospital,1
costly compared hospital worst toilet cleaning,0
good hospital kind neurology urology well hygiene organised hospital kind testing laboratory related kindney available,1
great experience appreciate recommend family friend,1
told need wait sometime first need tell history patient doctor meet main doctor,0
misplaced report didnat get report,0
ill mannered doctor without ethic please guy donat consult future visit,1
hospital building well maintained hygienic facility staff keeping highest standard,1
hi nu good hospital staff doctor friendly good team,1
go hospital not need immediate care time wait hour least hour meet doctor,0
efficient excellent making patient wait need lot patience patient,0
would reach hospital faster silk board despite traffic meeting doctor,1
experienced doctor management staff clean systematic hospital,1
staff nu hospital helpful kind service provided patient excellent,1
excellent dras nu hospital treated well happy treatment,1
never thought taken care level exceeded expectation made medical trip smooth,1
wish nu hospital progress future cater need new urological renal dieases,1
ensured smooth prep surgery followup made journey easy,1
nu hospital one clean hispitals ever visited though not numbering system queue,1
nu hospital belief patient centricity committed providing best outcome care patient,1
doctor professional available anytime nursing staff attentive kind,1
international coordinator helpful always smile ready assist,1
person enter hospital stressful time communication issue really tuff customer end,1
start believe show relevant doctor test took long time,0
nu hospital weare eternally grateful hospitality knowledge,1
per communication staff good little rude,1
believe miscommunication hospital side noticed person scan room,0
however discharge process felt delay hospital aasanda side,0
believe future hospital side make arrangement taking consideration improve communication customer,1
looking customer view point like waiting several hr hospital nothing,0
good service excellent treatment doctor staff,1
doctor nurse every single staff nu hospital committed patient felt home nu hospital,1
itas hard sit wait operation theater operation conducted successfully,1
staff good thank dr krishna prasad dr imran khan giving time detail explanation condition,1
patient great help u throughout admin process,1
nurse super friendly never leave side need attention anytime admitted,1
believe service mentioned test improved met someone test one two week,1
good experience nu hospital west good service excellent treatment doctor staff,1
really satisfied chose nu hospital medical treatment,1
not praise nu hospital cafeteria enough amazing food quality great food,1
not giving value patient time money bad experience,0
deeply appreciate fact community access highquality organization professional worker,1
icu team best pls value patient time money take advance appointment doctor consultation,1
hospitality provided staff nurse housekeeping team canteen employee outstanding especially doctor team,1
best quality service compared surrounding hospital,1
staff well behaved cooperative within limit excellent compared others,1
reception team quite helpful aswell sometimes observed thing went haywire due loophole management,1
hand finance team bad providing financial estimate try sell package,0
lady lead finance team rude got attitude issue,0
great experience nu hospital west new patient grateful surgery success,1
would say ok type hospital not good get star,0
hospital clean nurse caring stay surgery,1
staff helpful care give u great hospitality guid u thank much coordinator hospital,1
great service received hospital staff good front office doctor nursing,1
hau went pcnl urgery nu hospital good hospital staff professional,1
not no inpatient service excellent service outpatient department thank,1
pleasure inform great hospital staff customer care professional giving nice hospitality,1
hospital customer patient not person nu hospital clearly customer person need care,1
nu hospital provides personal touch see empathy doctor nurse staff lacking hospital,1
nice professional staff block admin insurance team bit rude,1
nu hospital best hospital bangalore super speciality hospital basic amenity one roof,1
heartfelt gratitude nu hospital staff took care father law admission,1
staff not friendly feel stressed worst experience,0
faceing lot difficulty no one guiding u staff rude,0
nurse well trained know take care patient place well maintained cleaning happening throughout day,1
worst staff please not go lab personal advice lab technician,0
excellent treatment hospital accommodation food good,1
nu west hospital lab staff one worst staff ever seen life no helping nature no support,0
experience bad front office staff urology department reached left pm hour lunch break,0
good response hospital staff cleaness good doctor experience good,1
worst experience mixed experience visited two doctor found cordial patient listener,0
continue visit next time get assurance hospital patient treated properly,1
lab staff worst no use working lab technician lab no support,0
left hospital hurt feeling sought appointment doctor mcu test delay,0
nu hospital good service doctor available hour clarification,1
staff doctor made u wait till evening ever enquired told patient queue,0
extremely good experience nu hospital not heard place till get admitted procedure,1
no patient u increased every time checked queue bad experience queue process suggest token system,1
dietitian concerned family member guidance made difference well iam glad chose nu hospital surgery,1
issue beginning day last day satisfying,1
lost patience sought appointment next day raised voice led unpleasant discussion doctor patient,0
overall good experience nu hospital thanks,1
nu hospital staff extremely friendly kind provide help guidance every step way get best care possible,1
doctor explain condition really well address concern outmost generosity looking forward best care next trip well,1
everybody well trained loving right cleaner helper would highly recommend hospital,1
confer table bit costly best treatment kidny,1
providing good health service giving well guidline regarding health care,1
good hospital come walk see urologist guide well nice atmospher supportive staff,1
experience hassle free everything well managed organized,1
hospital staff good service care satisfied service seam bit costly compared othere hospital,1
doctor made sure understood going proceed treatment explained well hospital hygienic,1
want express extreme gratitude care received hospital,1
doctor consultation excellent service staff not satisfied need improved,1
reception team quite helpful aswell sometimes observed thing went haywire due loophole management,1
excellent work done nu hospital love houspital much starff helpful kind,1
great service doctor team nurse team staff hospital kind really appreciate great work help done,1
always take lot time understanding patient history condition,0
overall hospital well maintained hygienic clean good staff,1
satisfied service well support staff happy affordplan benefit,1
service low level however time doctor nurse show unhappy face,0
nu hospital good careful kindness hospital arrange every thing comfortable tothe patient,1
one hospital staff took mobile phone type review fortunately not signed,0
bad experience service not want biased middleclass,0
wonderful experience nu hospital west front office staff extremely helpful,1
service receive nu hospital excellent clarified everything u clear way wonderful service start finish,1
staff nu hospital helpful kind service provided patient excellent,1
overall great hasslefree experience nu hospital worst staff time waste,0
doctor experienced treatment good however staff management need definetely get better,1
good staff help desk helped u throughout process visiting doctor coming hospital,1
since year noticed no cooperation staff manage appointment,0
expected get consult doctor scheduled time not whenever staff get free even follow patient made wait hour no response staff,0
extremely happy service definitely recommend hospital friend family,1
everything went smoothly doctor visit patient time daily doctor informative responsive query,1
delay queue could easily fixed considered token issuing system appointment consultation,1
always take long time explain thing term understand,1
thing not like time spent waiting opd consultation wait quite long time,0
great visit doctoras outward manner really put ease highly recommend nu nephrology problem,1
excellent quality health care provider staff helpful environment clean positive,1
careful safety measure every one friendly love everything hospital,1
not trust report got test done outside result reliable,0
want patient return hospital shell money suggest expensive procedure without proper diagnosis,0
suggest not visit hospital care health pocket,0
nu hospital provided u excellent service amazing comfortable moment entered hospital support provided,1
professional staff clean facility highly recommended,1
good care wait time could improved,1
friendly staff clean environment child comfortable,1
long wait time not enough communication,0
excellent care support stay,1
average experience could friendlier,0
quick response courteous staff,1
fair service wait longer expected,0
staff seemed overwhelmed facility crowded,0
exceptional care knowledgeable staff,1
helpful staff clean waiting area,1
efficient staff good communication,1
average experience nothing outstanding,0
therapist supportive knowledgeable,1
wonderful experience delivery caring staff,1
not satisfied long wait unclear instruction,0
staff attentive facility clean,1
no issue good experience overall,1
acceptable service room noisy,0
efficient supportive rheumatology team,1
staff seemed rushed not much attention given,0
good explanation provided pleasant staff,1
outstanding care facility truly supportive,1
nice pediatric unit child friendly nurse,1
efficient checkup polite staff,1
room small care adequate,0
attentive professional care,1
chaotic er staff seemed overwhelmed,0
excellent family medicine team kind,1
neurology team helpful good experience,1
long wait staff seemed tired,0
supportive oncology team good facility,1
routine visit no major concern,1
good care elderly patient attentive staff,1
ent unit busy not much attention,0
pulmonology team provided excellent care,1
routine diabetes check nothing special,0
best hospital experience ever,1
not enough information provided visit,0
amazing maternity care support,1
good care appointment started late,1
average neurology unit could improve communication,0
great family medicine team prompt service,1
crowded felt rushed appointment,0
timely care stressful situation,1
top notch dermatology team highly recommend,1
average stay staff could attentive,0
therapy team encouraging,1
poor attention elderly patient disappointing,0
satisfied family medicine team,1
dr greer explained everything clearly staff kind,1
nurse attentive communication delay,0
exceptional care spotless facility highly recommend,1
long wait time basic amenity care adequate,0
dr hall friendly made experience pleasant,1
staff seemed rushed room not clean,0
best pediatric care caring professional staff,1
nice facility prompt service doctor knowledgeable,1
emergency room crowded staff tried best,0
superb doctor clean facility,1
facility okay staff friendly,0
long wait staff seemed overwhelmed,0
physical therapist encouraging,1
would not recommend due poor communication,0
ear nose throat team helpful,1
good experience overall staff respectful,1
helpful psychiatric team supportive environment,1
waited long time staff seemed tired,0
endocrinology care thorough compassionate,1
excellent service clean efficient,1
average experience nothing special,0
staff okay overall not welcoming,0
surgical team professional,1
gynecology team attentive supportive,1
imaging center crowded slow,0
great care child clean friendly,1
oncology unit understaffed communication poor,0
cardiology staff helpful wait time average,1
excellent geriatric care communication great,1
emergency staff polite facility need improvement,0
obstetrics team wonderful delivery,1
would not return communication lacking,0
oncology team attentive caring,1
physical therapy helped recovery greatly,1
orthopedics unit not responsive,0
endocrinology care excellent,1
pulmonology staff thorough caring,1
urology team professional prompt,1
neurology unit could improve communication,0
gynecology staff supportive,1
surgery team skilled responsive,1
immunology staff courteous wait long,0
radiology staff efficient friendly,1
ent team provided excellent care,1
nephrology department okay not exceptional,0
staff prompt attentive provider explained everything thoroughly,1
waited longer expected scheduled appointment,0
efficient service friendly staff recommend orthopedic care,1
provider knowledgeable communication could improved,0
exceptional care clear communication highly recommend,1
good experience child care staff friendly,1
staff polite long wait,0
provider attentive answered question,1
wait time excessive staff seemed rushed,0
supportive professional staff facility clean,1
provider knowledgeable wait time long,0
helpful staff easy checkin process,1
service average clinic could cleaner,0
not satisfied service area improvement,0
friendly provider great facility,1
staff knowledgeable clinic clean,1
excellent experience child surgery,1
wait time okay room felt crowded,0
kind staff quick service highly satisfied,1
staff courteous room need refurbishment,0
long wait unfriendly staff not recommended,0
good experience overall staff handled emergency calmly,1
impressed level care expertise,1
staff caring supportive throughout stay,1
quick appointment friendly provider,1
provider helpful clinic busy,0
service okay communication needed,0
great experience knowledgeable staff,1
wonderful staff clean facility,1
service adequate could improve wait time,0
average service clinic busy,0
not satisfied emergency response,0
excellent care staff highly recommend,1
staff made child feel comfortable,1
quick efficient appointment,1
staff friendly knowledgeable,1
average experience provider attentive,0
provider nice clinic busy,0
satisfied care received,1
long wait poor communication,0
clinic crowded wait long,0
staff responsive helpful,1
highly recommend dr mehra staff,1
good experience overall child,1
provider helpful wait long,0
satisfied dermatologist clean facility,1
staff helpful information lacking,0
good experience overall doctor attentive,1
waited longer expected communication could improve,0
efficient surgery friendly staff,1
doctor helpful wait long,0
attentive care clear communication throughout stay,1
superb care child staff wonderful,1
surgery went fine staff seemed busy,0
clean supportive staff,1
experience could better icu access limited,0
doctor understanding supportive,1
exceptional care delivery highly recommend,1
average experience nothing special,0
pulmonology staff caring,1
ear nose throat clinic efficient,1
issue scheduling wait time,0
helpful staff rheumatology department,1
icu experience stressful staff seemed overworked,0
radiology staff professional,1
cardiology unit could improved,0
excellent care informative doctor,1
neurology staff explained everything clearly,1
clinic clean staff friendly,1
emergency wait longer expected,0
allergy clinic quick efficient,1
senior care decent staff seemed rushed,0
dermatology team excellent,1
oncology team knowledgeable wait long,0
family medicine department provided great care,1
orthopedics care average,0
cardiology team attentive,1
emergency department busy effective,0
gastroenterology unit highly recommended,1
endocrinology staff could improve communication,0
family medicine team supportive,1
icu crowded noisy staff helpful,0
pediatrics team excellent highly recommend,1
general surgery team okay room improvement,0
gastroenterology department clean efficient,1
orthopedics team helpful wait long,0
ophthalmology staff friendly,1
neurology unit highly recommended,1
dermatology team excellent prompt,1
quick professional service staff attentive informative,1
lengthy wait time staff tried best facility average,0
wonderful care child staff reassuring facility spotless,1
not satisfied communication lacking wait long,0
good care delay admission staff friendly,1
unfriendly staff poor communication would not recommend,0
staff compassionate responsive clean facility,1
average experience room improvement wait time,0
exceptional service communication highly recommended,1
facility need improvement communication unclear,0
surgery successful staff supportive kind,1
disorganized visit staff seemed rushed not good experience,0
warm caring staff made stay comfortable,1
long wait staff seemed overwhelmed need improvement,0
rehab adequate staff helpful not,0
excellent staff clean facility highly efficient,1
